{"s3D1_case_limits": [100, 5, 5], "s3D1_cell_size_horizontal": [100, 100], "s3D1_z": [25.0, 75.0, 125.0, 175.0, 225.0, 275.0, 325.0, 375.0, 425.0, 475.0, 525.0, 575.0, 625.0, 675.0, 725.0, 775.0, 825.0, 875.0, 925.0, 975.0, 1025.0, 1075.0, 1125.0, 1175.0, 1225.0, 1275.0, 1325.0, 1375.0, 1425.0, 1475.0, 1525.0, 1575.0, 1625.0, 1675.0, 1725.0, 1775.0, 1825.0, 1875.0, 1925.0, 1975.0, 2025.0, 2075.0, 2125.0, 2175.0, 2225.0, 2275.0, 2325.0, 2375.0, 2425.0, 2475.0, 2525.0, 2575.0, 2625.0, 2675.0, 2725.0, 2775.0, 2825.0, 2875.0, 2925.0, 2975.0, 3025.0, 3075.0, 3125.0, 3175.0, 3225.0, 3275.0, 3325.0, 3375.0, 3425.0, 3475.0, 3525.0, 3575.0, 3625.0, 3675.0, 3725.0, 3775.0, 3825.0, 3875.0, 3925.0, 3975.0, 4025.0, 4075.0, 4125.0, 4175.0, 4225.0, 4275.0, 4325.0, 4375.0, 4425.0, 4475.0, 4525.0, 4575.0, 4625.0, 4675.0, 4725.0, 4775.0, 4825.0, 4875.0, 4925.0, 4975.0], "s3D1_zh": [0, 50, 100, 150, 200, 250, 300, 350, 400, 450, 500, 550, 600, 650, 700, 750, 800, 850, 900, 950, 1000, 1050, 1100, 1150, 1200, 1250, 1300, 1350, 1400, 1450, 1500, 1550, 1600, 1650, 1700, 1750, 1800, 1850, 1900, 1950, 2000, 2050, 2100, 2150, 2200, 2250, 2300, 2350, 2400, 2450, 2500, 2550, 2600, 2650, 2700, 2750, 2800, 2850, 2900, 2950, 3000, 3050, 3100, 3150, 3200, 3250, 3300, 3350, 3400, 3450, 3500, 3550, 3600, 3650, 3700, 3750, 3800, 3850, 3900, 3950, 4000, 4050, 4100, 4150, 4200, 4250, 4300, 4350, 4400, 4450, 4500, 4550, 4600, 4650, 4700, 4750, 4800, 4850, 4900, 4950, 5000], "s3D1_dz": [50, 50, 50, 50, 50, 50, 50, 50, 50, 50, 50, 50, 50, 50, 50, 50, 50, 50, 50, 50, 50, 50, 50, 50, 50, 50, 50, 50, 50, 50, 50, 50, 50, 50, 50, 50, 50, 50, 50, 50, 50, 50, 50, 50, 50, 50, 50, 50, 50, 50, 50, 50, 50, 50, 50, 50, 50, 50, 50, 50, 50, 50, 50, 50, 50, 50, 50, 50, 50, 50, 50, 50, 50, 50, 50, 50, 50, 50, 50, 50, 50, 50, 50, 50, 50, 50, 50, 50, 50, 50, 50, 50, 50, 50, 50, 50, 50, 50, 50, 50], "s3D1_kext_open": [8.659643233600654, 6.493816315762113, 4.869675251658631, 3.651741272548377, 2.7384196342643614, 2.0535250264571463, 1.539926526059492, 1.1547819846894583, 0.8659643233600653, 0.6493816315762113, 0.4869675251658631, 0.3651741272548377, 0.27384196342643613, 0.2053525026457146, 0.1539926526059492, 0.11547819846894582, 0.08659643233600653, 0.06493816315762113, 0.04869675251658631, 0.03651741272548377, 0.027384196342643614, 0.02053525026457146, 0.01539926526059492, 0.011547819846894581, 0.008659643233600654, 0.006493816315762113, 0.004869675251658631, 0.003651741272548377, 0.0027384196342643613, 0.002053525026457146, 0.001539926526059492, 0.0011547819846894581, 0.0008659643233600654, 0.0006493816315762113, 0.0004869675251658631, 0.0003651741272548377, 0.0002738419634264361, 0.0002053525026457146, 0.0001539926526059492, 0.00011547819846894582, 8.659643233600654e-05, 6.493816315762113e-05, 4.869675251658631e-05, 3.651741272548377e-05, 2.7384196342643615e-05, 2.0535250264571462e-05, 1.539926526059492e-05, 1.1547819846894581e-05, 8.659643233600654e-06, 6.493816315762113e-06, 4.869675251658631e-06, 3.651741272548377e-06, 2.7384196342643613e-06, 2.053525026457146e-06, 1.539926526059492e-06, 1.1547819846894582e-06, 8.659643233600654e-07, 6.493816315762114e-07, 4.869675251658631e-07, 3.651741272548377e-07, 2.7384196342643614e-07, 2.053525026457146e-07, 1.539926526059492e-07, 1.1547819846894582e-07, 8.659643233600653e-08, 6.493816315762114e-08, 4.869675251658631e-08, 3.651741272548377e-08, 2.7384196342643613e-08, 2.053525026457146e-08, 1.539926526059492e-08, 1.1547819846894582e-08, 8.659643233600654e-09, 6.493816315762113e-09, 4.869675251658631e-09, 3.651741272548377e-09, 2.7384196342643613e-09, 2.053525026457146e-09, 1.539926526059492e-09, 1.1547819846894583e-09, 8.659643233600653e-10, 6.493816315762113e-10, 4.869675251658631e-10, 3.651741272548377e-10, 2.7384196342643615e-10, 2.053525026457146e-10, 1.539926526059492e-10, 1.1547819846894582e-10, 8.659643233600654e-11, 6.493816315762113e-11, 4.869675251658631e-11, 3.651741272548377e-11, 2.7384196342643612e-11, 2.053525026457146e-11, 1.539926526059492e-11, 1.1547819846894581e-11, 8.659643233600653e-12, 6.493816315762113e-12, 4.869675251658631e-12, 3.651741272548377e-12], "s3D1_kext_cloud": [8.659643233600654, 6.493816315762113, 4.869675251658631, 3.651741272548377, 2.7384196342643614, 2.0535250264571463, 1.539926526059492, 1.1547819846894583, 0.8659643233600653, 0.6493816315762113, 0.4869675251658631, 0.3651741272548377, 0.27384196342643613, 0.2053525026457146, 0.1539926526059492, 0.11547819846894582, 0.08659643233600653, 0.06493816315762113, 0.04869675251658631, 0.03651741272548377, 100.0, 100.0, 100.0, 100.0, 0.008659643233600654, 0.006493816315762113, 0.004869675251658631, 0.003651741272548377, 0.0027384196342643613, 0.002053525026457146, 0.001539926526059492, 0.0011547819846894581, 0.0008659643233600654, 0.0006493816315762113, 0.0004869675251658631, 0.0003651741272548377, 0.0002738419634264361, 0.0002053525026457146, 0.0001539926526059492, 0.00011547819846894582, 8.659643233600654e-05, 6.493816315762113e-05, 4.869675251658631e-05, 3.651741272548377e-05, 2.7384196342643615e-05, 2.0535250264571462e-05, 1.539926526059492e-05, 1.1547819846894581e-05, 8.659643233600654e-06, 6.493816315762113e-06, 4.869675251658631e-06, 3.651741272548377e-06, 2.7384196342643613e-06, 2.053525026457146e-06, 1.539926526059492e-06, 1.1547819846894582e-06, 8.659643233600654e-07, 6.493816315762114e-07, 4.869675251658631e-07, 3.651741272548377e-07, 2.7384196342643614e-07, 2.053525026457146e-07, 1.539926526059492e-07, 1.1547819846894582e-07, 8.659643233600653e-08, 6.493816315762114e-08, 4.869675251658631e-08, 3.651741272548377e-08, 2.7384196342643613e-08, 2.053525026457146e-08, 1.539926526059492e-08, 1.1547819846894582e-08, 8.659643233600654e-09, 6.493816315762113e-09, 4.869675251658631e-09, 3.651741272548377e-09, 2.7384196342643613e-09, 2.053525026457146e-09, 1.539926526059492e-09, 1.1547819846894583e-09, 8.659643233600653e-10, 6.493816315762113e-10, 4.869675251658631e-10, 3.651741272548377e-10, 2.7384196342643615e-10, 2.053525026457146e-10, 1.539926526059492e-10, 1.1547819846894582e-10, 8.659643233600654e-11, 6.493816315762113e-11, 4.869675251658631e-11, 3.651741272548377e-11, 2.7384196342643612e-11, 2.053525026457146e-11, 1.539926526059492e-11, 1.1547819846894581e-11, 8.659643233600653e-12, 6.493816315762113e-12, 4.869675251658631e-12, 3.651741272548377e-12], "s3D1_Batm_open": [4.95, 4.85, 4.75, 4.65, 4.55, 4.45, 4.35, 4.25, 4.15, 4.05, 3.95, 3.8499999999999996, 3.75, 3.65, 3.55, 3.45, 3.3499999999999996, 3.25, 3.15, 3.05, 2.95, 2.85, 2.75, 2.65, 2.55, 2.4499999999999997, 2.35, 2.25, 2.15, 2.05, 1.9499999999999997, 1.85, 1.75, 1.65, 1.5499999999999998, 1.4499999999999997, 1.35, 1.25, 1.15, 1.0499999999999998, 0.9500000000000002, 0.8499999999999996, 0.75, 0.6499999999999995, 0.5499999999999998, 0.4500000000000002, 0.34999999999999964, 0.25, 0.14999999999999947, 0.04999999999999982, -0.04999999999999982, -0.15000000000000036, -0.25, -0.35000000000000053, -0.4500000000000002, -0.5499999999999998, -0.6500000000000004, -0.75, -0.8500000000000005, -0.9500000000000002, -1.0499999999999998, -1.1500000000000004, -1.25, -1.3500000000000005, -1.4500000000000002, -1.5499999999999998, -1.6500000000000004, -1.75, -1.8500000000000005, -1.9500000000000002, -2.05, -2.1500000000000004, -2.25, -2.3500000000000005, -2.45, -2.55, -2.6500000000000004, -2.75, -2.8500000000000005, -2.95, -3.0500000000000007, -3.1500000000000004, -3.25, -3.3499999999999996, -3.4499999999999993, -3.5500000000000007, -3.6500000000000004, -3.75, -3.8499999999999996, -3.950000000000001, -4.050000000000001, -4.15, -4.25, -4.35, -4.450000000000001, -4.550000000000001, -4.65, -4.75, -4.85, -4.950000000000001],