{"s3D1_case_limits": [100, 49, 49], "s3D1_cell_size_horizontal": [100, 100], "s3D1_z": [25.0, 75.0, 125.0, 175.0, 225.0, 275.0, 325.0, 375.0, 425.0, 475.0, 525.0, 575.0, 625.0, 675.0, 725.0, 775.0, 825.0, 875.0, 925.0, 975.0, 1025.0, 1075.0, 1125.0, 1175.0, 1225.0, 1275.0, 1325.0, 1375.0, 1425.0, 1475.0, 1525.0, 1575.0, 1625.0, 1675.0, 1725.0, 1775.0, 1825.0, 1875.0, 1925.0, 1975.0, 2025.0, 2075.0, 2125.0, 2175.0, 2225.0, 2275.0, 2325.0, 2375.0, 2425.0, 2475.0, 2525.0, 2575.0, 2625.0, 2675.0, 2725.0, 2775.0, 2825.0, 2875.0, 2925.0, 2975.0, 3025.0, 3075.0, 3125.0, 3175.0, 3225.0, 3275.0, 3325.0, 3375.0, 3425.0, 3475.0, 3525.0, 3575.0, 3625.0, 3675.0, 3725.0, 3775.0, 3825.0, 3875.0, 3925.0, 3975.0, 4025.0, 4075.0, 4125.0, 4175.0, 4225.0, 4275.0, 4325.0, 4375.0, 4425.0, 4475.0, 4525.0, 4575.0, 4625.0, 4675.0, 4725.0, 4775.0, 4825.0, 4875.0, 4925.0, 4975.0], "s3D1_zh": [0, 50, 100, 150, 200, 250, 300, 350, 400, 450, 500, 550, 600, 650, 700, 750, 800, 850, 900, 950, 1000, 1050, 1100, 1150, 1200, 1250, 1300, 1350, 1400, 1450, 1500, 1550, 1600, 1650, 1700, 1750, 1800, 1850, 1900, 1950, 2000, 2050, 2100, 2150, 2200, 2250, 2300, 2350, 2400, 2450, 2500, 2550, 2600, 2650, 2700, 2750, 2800, 2850, 2900, 2950, 3000, 3050, 3100, 3150, 3200, 3250, 3300, 3350, 3400, 3450, 3500, 3550, 3600, 3650, 3700, 3750, 3800, 3850, 3900, 3950, 4000, 4050, 4100, 4150, 4200, 4250, 4300, 4350, 4400, 4450, 4500, 4550, 4600, 4650, 4700, 4750, 4800, 4850, 4900, 4950, 5000], "s3D1_dz": [50, 50, 50, 50, 50, 50, 50, 50, 50, 50, 50, 50, 50, 50, 50, 50, 50, 50, 50, 50, 50, 50, 50, 50, 50, 50, 50, 50, 50, 50, 50, 50, 50, 50, 50, 50, 50, 50, 50, 50, 50, 50, 50, 50, 50, 50, 50, 50, 50, 50, 50, 50, 50, 50, 50, 50, 50, 50, 50, 50, 50, 50, 50, 50, 50, 50, 50, 50, 50, 50, 50, 50, 50, 50, 50, 50, 50, 50, 50, 50, 50, 50, 50, 50, 50, 50, 50, 50, 50, 50, 50, 50, 50, 50, 50, 50, 50, 50, 50, 50], "s3D1_kext_open": [0.971851702940169, 0.9174871702976629, 0.8661637419723038, 0.8177113012534676, 0.7719692476102513, 0.7287859643647188, 0.6880183161430381, 0.6495311744387621, 0.6131969697156826, 0.5788952685656602, 0.5465123745198721, 0.5159409511903311, 0.4870796664925369, 0.4598328567699997, 0.43411020970734543, 0.40982646498098246, 0.3869011316551086, 0.36525822138633723, 0.3448259965526233, 0.3255367324716364, 0.3073264929204293, 0.29013491821234005, 0.2739050251286865, 0.2585830180421056, 0.24411811060548894, 0.23046235741548185, 0.2175704950925795, 0.20539979225106278, 0.19390990786148493, 0.18306275753623613, 0.1728223872949766, 0.16315485439152086, 0.15402811480716141, 0.1454119170375176, 0.13727770182085486, 0.12959850747551394, 0.1223488805326815, 0.11550479136828504, 0.10904355455436593, 0.10294375366592659, 0.09718517029401691, 0.09174871702976627, 0.08661637419723038, 0.08177113012534673, 0.07719692476102512, 0.07287859643647189, 0.0688018316143038, 0.0649531174438762, 0.06131969697156825, 0.05788952685656601, 0.05465123745198722, 0.05159409511903311, 0.04870796664925369, 0.045983285676999955, 0.043411020970734536, 0.040982646498098255, 0.03869011316551085, 0.03652582213863372, 0.03448259965526232, 0.032553673247163635, 0.03073264929204293, 0.029013491821234, 0.027390502512868647, 0.025858301804210553, 0.024411811060548894, 0.02304623574154819, 0.021757049509257945, 0.020539979225106277, 0.01939099078614849, 0.018306275753623612, 0.017282238729497662, 0.016315485439152084, 0.015402811480716141, 0.014541191703751757, 0.013727770182085486, 0.012959850747551396, 0.012234888053268146, 0.011550479136828504, 0.01090435545543659, 0.010294375366592659, 0.00971851702940169, 0.009174871702976631, 0.008661637419723043, 0.008177113012534681, 0.00771969247610252, 0.007287859643647188, 0.006880183161430384, 0.006495311744387624, 0.006131969697156831, 0.005788952685656601, 0.005465123745198722, 0.005159409511903313, 0.004870796664925372, 0.0045983285677, 0.004341102097073454, 0.004098264649809825, 0.0038690113165510873, 0.003652582213863374, 0.0034482599655262357, 0.0032553673247163635], "s3D1_kext_cloud": [0.971851702940169, 0.9174871702976629, 0.8661637419723038, 0.8177113012534676, 0.7719692476102513, 0.7287859643647188, 0.6880183161430381, 0.6495311744387621, 0.6131969697156826, 0.5788952685656602, 0.5465123745198721, 0.5159409511903311, 0.4870796664925369, 0.4598328567699997, 0.43411020970734543, 0.40982646498098246, 0.3869011316551086, 0.36525822138633723, 0.3448259965526233, 0.3255367324716364, 1.0, 1.0, 1.0, 1.0, 1.0, 1.0, 1.0, 1.0, 0.19390990786148493, 0.18306275753623613, 0.1728223872949766, 0.16315485439152086, 0.15402811480716141, 0.1454119170375176, 0.13727770182085486, 0.12959850747551394, 0.1223488805326815, 0.11550479136828504, 0.10904355455436593, 0.10294375366592659, 0.09718517029401691, 0.09174871702976627, 0.08661637419723038, 0.08177113012534673, 0.07719692476102512, 0.07287859643647189, 0.0688018316143038, 0.0649531174438762, 0.06131969697156825, 0.05788952685656601, 0.05465123745198722, 0.05159409511903311, 0.04870796664925369, 0.045983285676999955, 0.043411020970734536, 0.040982646498098255, 0.03869011316551085, 0.03652582213863372, 0.03448259965526232, 0.032553673247163635, 0.03073264929204293, 0.029013491821234, 0.027390502512868647, 0.025858301804210553, 0.024411811060548894, 0.02304623574154819, 0.021757049509257945, 0.020539979225106277, 0.01939099078614849, 0.018306275753623612, 0.017282238729497662, 0.016315485439152084, 0.015402811480716141, 0.014541191703751757, 0.013727770182085486, 0.012959850747551396, 0.012234888053268146, 0.011550479136828504, 0.01090435545543659, 0.010294375366592659, 0.00971851702940169, 0.009174871702976631, 0.008661637419723043, 0.008177113012534681, 0.00771969247610252, 0.007287859643647188, 0.006880183161430384, 0.006495311744387624, 0.006131969697156831, 0.005788952685656601, 0.005465123745198722, 0.005159409511903313, 0.004870796664925372, 0.0045983285677, 0.004341102097073454, 0.004098264649809825, 0.0038690113165510873, 0.003652582213863374, 0.0034482599655262357, 0.0032553673247163635], "s3D1_Batm_open": [4.98, 4.94, 4.9, 4.86, 4.82, 4.78, 4.74, 4.7, 4.66, 4.62, 4.58, 4.54, 4.5, 4.46, 4.42, 4.38, 4.34, 4.3, 4.26, 4.22, 4.18, 4.14, 4.1, 4.06, 4.02, 3.98, 3.94, 3.9, 3.86, 3.82, 3.7800000000000002, 3.74, 3.7, 3.66, 3.62, 3.58, 3.54, 3.5, 3.46, 3.42, 3.38, 3.34, 3.3, 3.26, 3.2199999999999998, 3.1799999999999997, 3.1399999999999997, 3.0999999999999996, 3.0599999999999996, 3.0199999999999996, 2.98, 2.94, 2.9, 2.86, 2.82, 2.78, 2.7399999999999998, 2.6999999999999997, 2.6599999999999997, 2.62, 2.58, 2.54, 2.5, 2.46, 2.42, 2.38, 2.34, 2.3, 2.26, 2.2199999999999998, 2.1799999999999997, 2.1399999999999997, 2.0999999999999996, 2.06, 2.02, 1.98, 1.94, 1.9, 1.8599999999999999, 1.8199999999999998, 1.7799999999999998, 1.7399999999999998, 1.6999999999999997, 1.6599999999999997, 1.6199999999999997, 1.5799999999999996, 1.54, 1.5, 1.46, 1.42, 1.38, 1.3399999999999999, 1.2999999999999998, 1.2599999999999998, 1.2199999999999998, 1.1799999999999997, 1.1399999999999997, 1.0999999999999996, 1.0599999999999996, 1.02],