{"s3D1_case_limits": [100, 49, 49], "s3D1_cell_size_horizontal": [100, 100], "s3D1_z": [25.0, 75.0, 125.0, 175.0, 225.0, 275.0, 325.0, 375.0, 425.0, 475.0, 525.0, 575.0, 625.0, 675.0, 725.0, 775.0, 825.0, 875.0, 925.0, 975.0, 1025.0, 1075.0, 1125.0, 1175.0, 1225.0, 1275.0, 1325.0, 1375.0, 1425.0, 1475.0, 1525.0, 1575.0, 1625.0, 1675.0, 1725.0, 1775.0, 1825.0, 1875.0, 1925.0, 1975.0, 2025.0, 2075.0, 2125.0, 2175.0, 2225.0, 2275.0, 2325.0, 2375.0, 2425.0, 2475.0, 2525.0, 2575.0, 2625.0, 2675.0, 2725.0, 2775.0, 2825.0, 2875.0, 2925.0, 2975.0, 3025.0, 3075.0, 3125.0, 3175.0, 3225.0, 3275.0, 3325.0, 3375.0, 3425.0, 3475.0, 3525.0, 3575.0, 3625.0, 3675.0, 3725.0, 3775.0, 3825.0, 3875.0, 3925.0, 3975.0, 4025.0, 4075.0, 4125.0, 4175.0, 4225.0, 4275.0, 4325.0, 4375.0, 4425.0, 4475.0, 4525.0, 4575.0, 4625.0, 4675.0, 4725.0, 4775.0, 4825.0, 4875.0, 4925.0, 4975.0], "s3D1_zh": [0, 50, 100, 150, 200, 250, 300, 350, 400, 450, 500, 550, 600, 650, 700, 750, 800, 850, 900, 950, 1000, 1050, 1100, 1150, 1200, 1250, 1300, 1350, 1400, 1450, 1500, 1550, 1600, 1650, 1700, 1750, 1800, 1850, 1900, 1950, 2000, 2050, 2100, 2150, 2200, 2250, 2300, 2350, 2400, 2450, 2500, 2550, 2600, 2650, 2700, 2750, 2800, 2850, 2900, 2950, 3000, 3050, 3100, 3150, 3200, 3250, 3300, 3350, 3400, 3450, 3500, 3550, 3600, 3650, 3700, 3750, 3800, 3850, 3900, 3950, 4000, 4050, 4100, 4150, 4200, 4250, 4300, 4350, 4400, 4450, 4500, 4550, 4600, 4650, 4700, 4750, 4800, 4850, 4900, 4950, 5000], "s3D1_dz": [50, 50, 50, 50, 50, 50, 50, 50, 50, 50, 50, 50, 50, 50, 50, 50, 50, 50, 50, 50, 50, 50, 50, 50, 50, 50, 50, 50, 50, 50, 50, 50, 50, 50, 50, 50, 50, 50, 50, 50, 50, 50, 50, 50, 50, 50, 50, 50, 50, 50, 50, 50, 50, 50, 50, 50, 50, 50, 50, 50, 50, 50, 50, 50, 50, 50, 50, 50, 50, 50, 50, 50, 50, 50, 50, 50, 50, 50, 50, 50, 50, 50, 50, 50, 50, 50, 50, 50, 50, 50, 50, 50, 50, 50, 50, 50, 50, 50, 50, 50], "s3D1_kext_open": [0.0009942600739529567, 0.0009386420366721353, 0.0008861352236594998, 0.0008365655957558101, 0.0007897688493998857, 0.0007455898720277815, 0.0007038822279364568, 0.0006645076729077796, 0.0006273356959840381, 0.0005922430868761306, 0.0005591135275705601, 0.0005278372067815767, 0.0004983104559705295, 0.0004704354057259761, 0.00044411966136558896, 0.0004192759966846054, 0.00039582206483572245, 0.00037368012538211575, 0.0003527767866188739, 0.0003330427623087464, 0.0003144126420258796, 0.0002968246743463242, 0.00028022056216667467, 0.00026454526947240493, 0.0002497468389154143, 0.00023577621959612537, 0.00022258710447930048, 0.00021013577690467478, 0.00019838096568365057, 0.00018728370830175484, 0.0001768072217734319, 0.00016691678072110576, 0.00015757960227439244, 0.00014876473740795017, 0.00014044296835779473, 0.00013258671177605592, 0.00012516992730317252, 0.00011816803125447837, 0.00011155781513508522, 0.0001053173687129716, 9.942600739529569e-05, 9.386420366721351e-05, 8.861352236594997e-05, 8.3656559575581e-05, 7.897688493998855e-05, 7.455898720277816e-05, 7.038822279364568e-05, 6.645076729077795e-05, 6.273356959840379e-05, 5.922430868761306e-05, 5.591135275705602e-05, 5.2783720678157667e-05, 4.983104559705295e-05, 4.704354057259759e-05, 4.4411966136558883e-05, 4.1927599668460545e-05, 3.9582206483572246e-05, 3.736801253821158e-05, 3.5277678661887384e-05, 3.330427623087463e-05, 3.1441264202587955e-05, 2.9682467434632415e-05, 2.8022056216667464e-05, 2.6454526947240486e-05, 2.4974683891541432e-05, 2.3577621959612547e-05, 2.225871044793004e-05, 2.1013577690467478e-05, 1.9838096568365052e-05, 1.8728370830175484e-05, 1.76807221773432e-05, 1.6691678072110572e-05, 1.5757960227439244e-05, 1.4876473740795016e-05, 1.4044296835779475e-05, 1.3258671177605594e-05, 1.2516992730317249e-05, 1.1816803125447838e-05, 1.115578151350852e-05, 1.053173687129716e-05, 9.942600739529559e-06, 9.386420366721346e-06, 8.861352236594994e-06, 8.365655957558098e-06, 7.897688493998855e-06, 7.455898720277809e-06, 7.038822279364564e-06, 6.645076729077792e-06, 6.273356959840379e-06, 5.9224308687613005e-06, 5.591135275705596e-06, 5.2783720678157645e-06, 4.983104559705293e-06, 4.70435405725976e-06, 4.441196613655884e-06, 4.19275996684605e-06, 3.958220648357223e-06, 3.736801253821156e-06, 3.527767866188738e-06, 3.33042762308746e-06], "s3D1_kext_cloud": [0.0009942600739529567, 0.0009386420366721353, 0.0008861352236594998, 0.0008365655957558101, 0.0007897688493998857, 0.0007455898720277815, 0.0007038822279364568, 0.0006645076729077796, 0.0006273356959840381, 0.0005922430868761306, 0.0005591135275705601, 0.0005278372067815767, 0.0004983104559705295, 0.0004704354057259761, 0.00044411966136558896, 0.0004192759966846054, 0.00039582206483572245, 0.00037368012538211575, 0.0003527767866188739, 0.0003330427623087464, 0.6, 0.6, 0.6, 0.6, 0.6, 0.6, 0.6, 0.6, 0.00019838096568365057, 0.00018728370830175484, 0.0001768072217734319, 0.00016691678072110576, 0.00015757960227439244, 0.00014876473740795017, 0.00014044296835779473, 0.00013258671177605592, 0.00012516992730317252, 0.00011816803125447837, 0.00011155781513508522, 0.0001053173687129716, 9.942600739529569e-05, 9.386420366721351e-05, 8.861352236594997e-05, 8.3656559575581e-05, 7.897688493998855e-05, 7.455898720277816e-05, 7.038822279364568e-05, 6.645076729077795e-05, 6.273356959840379e-05, 5.922430868761306e-05, 5.591135275705602e-05, 5.2783720678157667e-05, 4.983104559705295e-05, 4.704354057259759e-05, 4.4411966136558883e-05, 4.1927599668460545e-05, 3.9582206483572246e-05, 3.736801253821158e-05, 3.5277678661887384e-05, 3.330427623087463e-05, 3.1441264202587955e-05, 2.9682467434632415e-05, 2.8022056216667464e-05, 2.6454526947240486e-05, 2.4974683891541432e-05, 2.3577621959612547e-05, 2.225871044793004e-05, 2.1013577690467478e-05, 1.9838096568365052e-05, 1.8728370830175484e-05, 1.76807221773432e-05, 1.6691678072110572e-05, 1.5757960227439244e-05, 1.4876473740795016e-05, 1.4044296835779475e-05, 1.3258671177605594e-05, 1.2516992730317249e-05, 1.1816803125447838e-05, 1.115578151350852e-05, 1.053173687129716e-05, 9.942600739529559e-06, 9.386420366721346e-06, 8.861352236594994e-06, 8.365655957558098e-06, 7.897688493998855e-06, 7.455898720277809e-06, 7.038822279364564e-06, 6.645076729077792e-06, 6.273356959840379e-06, 5.9224308687613005e-06, 5.591135275705596e-06, 5.2783720678157645e-06, 4.983104559705293e-06, 4.70435405725976e-06, 4.441196613655884e-06, 4.19275996684605e-06, 3.958220648357223e-06, 3.736801253821156e-06, 3.527767866188738e-06, 3.33042762308746e-06], "s3D1_Batm_open": [0.1, 0.1, 0.1, 0.1, 0.1, 0.1, 0.1, 0.1, 0.1, 0.1, 0.1, 0.1, 0.1, 0.1, 0.1, 0.1, 0.1, 0.1, 0.1, 0.1, 0.1, 0.1, 0.1, 0.1, 0.1, 0.1, 0.1, 0.1, 0.1, 0.1, 0.1, 0.1, 0.1, 0.1, 0.1, 0.1, 0.1, 0.1, 0.1, 0.1, 0.1, 0.1, 0.1, 0.1, 0.1, 0.1, 0.1, 0.1, 0.1, 0.1, 0.1, 0.1, 0.1, 0.1, 0.1, 0.1, 0.1, 0.1, 0.1, 0.1, 0.1, 0.1, 0.1, 0.1, 0.1, 0.1, 0.1, 0.1, 0.1, 0.1, 0.1, 0.1, 0.1, 0.1, 0.1, 0.1, 0.1, 0.1, 0.1, 0.1, 0.1, 0.1, 0.1, 0.1, 0.1, 0.1, 0.1, 0.1, 0.1, 0.1, 0.1, 0.1, 0.1, 0.1, 0.1, 0.1, 0.1, 0.1, 0.1, 0.1], "s3D1_Batm_cloud": [0.1, 0.1, 0.1, 0.1, 0.1, 0.1, 0.1, 0.1, 0.1, 0.1, 0.1, 0.1, 0.1, 0.1, 0.1, 0.1, 0.1, 0.1, 0.1, 0.1, 2.0, 2.0, 2.0, 2.0, 2.0, 2.0, 2.0, 2.0, 0.1, 0.1, 0.1, 0.1, 0.1, 0.1, 0.1, 0.1, 0.1, 0.1, 0.1, 0.1, 0.1, 0.1, 0.1, 0.1, 0.1, 0.1, 0.1, 0.1, 0.1, 0.1, 0.1, 0.1, 0.1, 0.1, 0.1, 0.1, 0.1, 0.1, 0.1, 0.1, 0.1, 0.1, 0.1, 0.1, 0.1, 0.1, 0.1, 0.1, 0.1, 0.1, 0.1, 0.1, 0.1, 0.1, 0.1, 0.1, 0.1, 0.1, 0.1, 0.1, 0.1, 0.1, 0.1, 0.1, 0.1, 0.1, 0.1, 0.1, 0.1, 0.1, 0.1, 0.1, 0.1, 0.1, 0.1, 0.1, 0.1, 0.1, 0.1, 0.1], "s3D1_SSA_open": [0.0, 0.0, 0.0, 0.0, 0.0, 0.0, 0.0, 0.0, 0.0, 0.0, 0.0, 0.0, 0.0, 0.0, 0.0, 0.0, 0.0, 0.0, 0.0, 0.0, 0.0, 0.0, 0.0, 0.0, 0.0, 0.0, 0.0, 0.0, 0.0, 0.0, 0.0, 0.0, 0.0, 0.0, 0.0, 0.0, 0.0, 0.0, 0.0, 0.0, 0.0, 0.0, 0.0, 0.0, 0.0, 0.0, 0.0, 0.0, 0.0, 0.0, 0.0, 0.0, 0.0, 0.0, 0.0, 0.0, 0.0, 0.0, 0.0, 0.0, 0.0, 0.0, 0.0, 0.0, 0.0, 0.0, 0.0, 0.0, 0.0, 0.0, 0.0, 0.0, 0.0, 0.0, 0.0, 0.0, 0.0, 0.0, 0.0, 0.0, 0.0, 0.0, 0.0, 0.0, 0.0, 0.0, 0.0, 0.0, 0.0, 0.0, 0.0, 0.0, 0.0, 0.0, 0.0, 0.0, 0.0, 0.0, 0.0, 0.0],